ID,sat_Accession,CMV_Accession_1a,CMV_Accession_2a,CMV_Accession_2b,CMV_Accession_3a,CMV_Accession_CP,Country,Host,Collection_Date,sat_GenBank_Title,Note,Subgroup_satellite
CM001,A10086,HE793683.1,HE793684.1,HE793684.1,Y18137.1,,-,-,1975-01-01,Cucumber mosaic virus satellite I 17N,,
CM002,AB024493,,,,,,-,-,-,Satellite cucumber mosaic virus RNA,,
CM003,AB072502,,,,,,-,-,-,"Cucumber mosaic virus satellite RNA sequence, clone:55-1",,
CM004,AB072503,,,,,,-,-,-,"Cucumber mosaic virus satellite RNA sequence, clone:28-19",,
CM005,AB072504,,,,,,-,-,-,"Cucumber mosaic virus satellite RNA, complete genome, clone:(fl)RNA5",,
CM006,AB176850,,,,,,Japan,Nicotiana tabacum,-,"Cucumber mosaic virus satellite RNA, complete sequence, strain: TN",,
CM007,AB448699,,,,,,Syria,Solanum tuberosum,2006-09-01,"Cucumber mosaic virus satellite RNA sequence, strain: PoSA1",,
CM008,AB448700,,,,,,Syria,Solanum tuberosum,2006-09-01,"Cucumber mosaic virus satellite RNA sequence, strain: PoSA2",,
CM009,AB448701,,,,,,Syria,Solanum tuberosum,2006-09-01,"Cucumber mosaic virus satellite RNA sequence, strain: PoSA3",,
CM010,AB448702,,,,,,Syria,Solanum tuberosum,2006-09-01,"Cucumber mosaic virus satellite RNA sequence, strain: PoSA4",,
CM011,AB448703,,,,,,Syria,Solanum tuberosum,2006-09-01,"Cucumber mosaic virus satellite RNA sequence, strain: PoSA5",,
CM012,AB570294,,,,,,-,Capsicum annuum,2000-08-15,"Cucumber mosaic virus satellite RNA, complete sequence, strain: PepY",,
CM013,AB570295,,,,,,-,Alkekengi officinarum,2000-08-15,"Cucumber mosaic virus satellite RNA, complete sequence, strain: Paf",,
CM014,AF172648,,,,,,-,Capsicum annuum,-,Cucumber mosaic virus satellite RNA sequence,,
CM015,AF451896,,,,,,-,-,-,Cucumber mosaic virus satellite Rs sequence,,
CM016,AF451897,,,,,,-,-,-,Cucumber mosaic virus satellite YNs sequence,,
CM017,AJ236904,,,,,,-,-,-,Cucumber mosaic virus satellite RNA (isolate 1998 China-1),,
CM018,AJ236905,,,,,,-,-,-,Cucumber mosaic virus satellite RNA (isolate 1998 China-5),,
CM019,AJ457163,,,,,,-,-,-,"Cucumber mosaic virus satellite RNA, isolate P1-1",,
CM020,AJ457164,,,,,,-,-,-,"Cucumber mosaic virus satellite RNA, isolate P1-2",,
CM021,AY589728,,,,,,China,Capsicum annuum,-,Cucumber mosaic virus satellite CS2 sequence,,
CM022,AY589729,,,,,,China,Capsicum annuum,-,Cucumber mosaic virus satellite CS1 sequence,,
CM023,D00541,HE793685,HE793685,HE793685,Y18138,Y18138,France,-,1969-01-01,"Cucumber mosaic virus satellite RNA, complete genome",CMV strain R,
CM024,D00542,D12537,D12538,D12538,D12499,D12499,Japan,-,1954-01-01,"Cucumber mosaic virus satellite RNA genomic RNA, complete genome, clone: CMVYSAT",Y,
CM025,D00699,,,,,,Japan,-,1989-01-01,"Cucumber mosaic virus satellite RNA, complete genome",F,
CM026,D10036,,,,,,Japan,Spinachea oleracea,1990-01-01,"Cucumber mosaic virus satellite RNA gene, clone: pS19-sat",S19,
CM027,D10037,,,,,,Japan,tobacco,1990-01-01,Cucumber mosaic virus satellite RNA,T73,
CM028,D10038,,,,,,-,-,-,"Cucumber mosaic virus satellite RNA genomic RNA, complete genome, clone: pUT119GG-S",Y lab origin clone,
CM029,D10039,,,,,,Japan,tobacco,1990-01-01,"Cucumber mosaic virus satellite RNA gene for ORF I, ORF II, ORF III, complete cds",T43,
CM030,D11048,,,,,,Japan,tomato,1989-01-01,"Cucumber mosaic virus satellite RNA, clone: pKO2sat1",,
CM031,D11049,,,,,,-,-,1989-01-01,"Cucumber mosaic virus satellite RNA, clone: pKO2sat2",,
CM032,D11050,,,,,,-,-,1989-01-01,"Cucumber mosaic virus satellite RNA, clone: pKO2sat3",,
CM033,D11051,,,,,,-,-,1989-01-01,"Cucumber mosaic virus satellite RNA, clone: pKO2sat4",,
CM034,D11052,,,,,,-,-,1989-01-01,"Cucumber mosaic virus satellite RNA, clone: pKO2sat5",,
CM035,D11053,,,,,,-,-,1989-01-01,"Cucumber mosaic virus satellite RNA, clone: pKO2sat6",,
CM036,D28559,,,,,,Japan,tomato,1984-01-01,"Cucumber mosaic virus satellite RNA, complete genome, clone: pKN-sat",,
CM037,D42081,,,,,,-,-,-,"Cucumber mosaic virus satellite RNA, clone: IWsatC7/4",,
CM038,D42082,,,,,,-,-,-,"Cucumber mosaic virus satellite RNA, clone: CSsatR5-9",,
CM039,D89673,,,,,,-,-,-,Cucumber mosaic virus satellite RNA,,
CM040,DQ070747,,,,,,China,Beta vulgaris,-,Cucumber mosaic virus satellite RNA isolate XJs2 sequence,,
CM041,DQ070748,,,,,,China,Beta vulgaris,-,Cucumber mosaic virus satellite RNA isolate XJs1 sequence,,
CM042,DQ249297,,,,,,China,Solanum lycopersicum,-,"Cucumber mosaic virus satellite RNA, complete sequence",,
CM043,DQ412733,,,,,,China,-,-,Cucumber mosaic virus satellite RNA isolate Yi sequence,,
CM044,DQ785472,,,,,,China,Solanum lycopersicum,-,"Cucumber mosaic virus satellite RNA strain T1, complete sequence",,
CM045,DQ839133,,,,,,Croatia,Solanum lycopersicum,-,"Cucumber mosaic virus satellite RNA from Croatia, complete sequence",,
CM046,DQ975201,,,,,,USA,-,-,"Cucumber mosaic virus satellite RNA Ky, complete sequence",,
CM047,E02257,,,,,,-,-,-,Satellite RNA of Cucumber mosaic virus,,
CM048,E04016,,,,,,-,-,-,Satellite RNA sequence derived from cucumber mosaic virus(t73-satRNA),,
CM049,E04220,,,,,,-,-,-,5'region of satellite RNA,,
CM050,E04221,,,,,,-,-,-,3'region of satellite RNA,,
CM051,E04222,,,,,,-,-,-,Satellite RNA,,
CM052,E04223,,,,,,-,-,-,Satellite RNA,,
CM053,E04224,,,,,,-,-,-,Satellite RNA,,
CM054,E04225,,,,,,-,-,-,Satellite RNA,,
CM055,E04226,,,,,,-,-,-,Satellite RNA,,
CM056,E04227,,,,,,-,-,-,cDNA to satellite RNA,,
CM057,E04228,,,,,,-,-,-,cDNA to satellite RNA,,
CM058,E04229,,,,,,-,-,-,cDNA to satellite RNA,,
CM059,E04230,,,,,,-,-,-,cDNA to satellite RNA,,
CM060,E04231,,,,,,-,-,-,cDNA to satellite RNA,,
CM061,EF363687,,,,,,China,Solanum lycopersicum,-,"Cucumber mosaic virus satellite RNA strain Yn12, complete sequence",,
CM062,EF363688,,,,,,China,Piperaceae,-,"Cucumber mosaic virus satellite RNA strain Pz, complete sequence",,
CM063,EU022373,,,,,,China,-,-,"Cucumber mosaic virus satellite RNA strain 2m, complete sequence",,
CM064,EU365893,,,,,,Egypt,Cucumis sativus,-,"Cucumber mosaic virus satellite RNA, partial sequence",,
CM065,HQ283394,,,,,,China,Solanum lycopersicum,-,"Cucumber mosaic virus satellite RNA isolate SFQT1-2, complete sequence",,
CM066,HQ283395,,,,,,China,Solanum lycopersicum,-,"Cucumber mosaic virus satellite RNA isolate FFQT1-3, complete sequence",,
CM067,J02060,,,,,,-,Cucumis sativus,-,"Cucumber mosaic virus satellite RNA, partial sequence",,
CM068,J02061,,,,,,-,Solanum lycopersicum,-,"Cucumber mosaic virus satellite RNA, partial sequence",,
CM069,JF834526,,,,,,USA,Phaseolus vulgaris,2010-01-01,"Cucumber mosaic virus satellite RNA isolate IR-WI, complete sequence",,
CM070,JF918968,,,,,,USA,Vinca minor,2010-03-01,Cucumber mosaic virus satellite RNA isolate 0100-satRNA-339,,
CM071,JF918969,,,,,,USA,Vinca minor,2010-03-01,Cucumber mosaic virus satellite RNA isolate 0100-satRNA-340,,
CM072,JF918970,,,,,,USA,Vinca minor,2010-03-01,Cucumber mosaic virus satellite RNA isolate 0100-satRNA-389,,
CM073,JF918971,,,,,,USA,Vinca minor,2010-03-01,Cucumber mosaic virus satellite RNA isolate N1-02-satRNA-339small,,
CM074,JF918972,,,,,,USA,Vinca minor,2010-03-01,Cucumber mosaic virus satellite RNA isolate N1-02-satRNA-389large,,
CM075,JF918973,,,,,,USA,Vinca minor,2010-03-01,Cucumber mosaic virus satellite RNA isolate N1-03-satRNA,,
CM076,JF918974,,,,,,USA,Vinca minor,2010-03-01,Cucumber mosaic virus satellite RNA isolate N1-04-satRNA,,
CM077,JF918975,,,,,,USA,Vinca minor,2010-03-01,Cucumber mosaic virus satellite RNA isolate N1-05-satRNA,,
CM078,JN029953,,,,,,USA,Phaseolus vulgaris,2009-01-01,"Cucumber mosaic virus satellite RNA isolate IR-NY, complete sequence",,
CM079,KC415034,,,,,,USA,Phaseolus vulgaris,2011-01-01,"Cucumber mosaic virus satellite RNA isolate Sb-WI, complete sequence",,
CM080,KC713593,,,,,,Cote d'Ivoire,Musa,2011-08-01,"Cucumber mosaic virus satellite RNA, complete sequence",,
CM081,KC985206,,,,,,USA,Pratia pedunculata,2012-06-01,"Cucumber mosaic virus satellite RNA clone satRNA-26, partial sequence",,
CM082,KC985207,,,,,,USA,Pratia pedunculata,2012-06-01,"Cucumber mosaic virus satellite RNA clone satRNA-27, partial sequence",,
CM083,KC985208,,,,,,USA,Pratia pedunculata,2012-06-01,"Cucumber mosaic virus satellite RNA clone satRNA-28, partial sequence",,
CM084,KC985209,,,,,,USA,Pratia pedunculata,2012-06-01,"Cucumber mosaic virus satellite RNA clone satRNA-29, partial sequence",,
CM085,KC985210,,,,,,USA,Pratia pedunculata,2012-06-01,"Cucumber mosaic virus satellite RNA clone satRNA-30, partial sequence",,
CM086,KJ127541,,,,,,Mexico,Nicotiana glauca,2010-02-10,"Cucumber mosaic virus satellite RNA isolate Tobtree-Tex clon 1146, complete genome",,
CM087,KJ127542,,,,,,Mexico,Nicotiana glauca,2010-02-10,"Cucumber mosaic virus satellite RNA isolate Tobtree-Tex clon 1147, complete genome",,
CM088,KM358138,,,,,,Serbia,Solanum lycopersicum,2012-01-01,"Cucumber mosaic virus satellite RNA isolate AR1-12-satRNA, complete sequence",,
CM089,KM358139,,,,,,Serbia,Solanum lycopersicum,2012-01-01,"Cucumber mosaic virus satellite RNA isolate AR2-12-satRNA, complete sequence",,
CM090,KP719209,,,,,,Serbia,Solanum lycopersicum,2014-01-01,"Cucumber mosaic virus satellite RNA isolate 367-14-sat RNA genomic sequence, sequence",,
CM091,KT270485,,,,,,Serbia,Peperomia tuisana,2012-01-01,"Cucumber mosaic virus satellite RNA isolate 1-12-sat RNA, partial sequence",,
CM092,KT270486,,,,,,Serbia,Solanum lycopersicum,2008-01-01,"Cucumber mosaic virus satellite RNA isolate 101-08-satRNA, partial sequence",,
CM093,KT382258,,,,,,Greece,Phaseolus vulgaris,2011-01-01,"Cucumber mosaic virus satellite RNA strain CMV_satRNA_ChV43, complete sequence",,
CM094,KT382259,,,,,,Greece,Solanum lycopersicum,2011-01-01,"Cucumber mosaic virus satellite RNA strain CMV_satRNA_A15, complete sequence",,
CM095,KT382260,,,,,,Greece,Phaseolus vulgaris,2011-01-01,"Cucumber mosaic virus satellite RNA strain CMV_satRNA_A43, complete sequence",,
CM096,KT382261,,,,,,Greece,Phaseolus vulgaris,2011-01-01,"Cucumber mosaic virus satellite RNA strain CMV_satRNA_43, complete sequence",,
CM097,KT382262,,,,,,Greece,Vigna unguiculata,2011-01-01,"Cucumber mosaic virus satellite RNA strain CMV_satRNA_46, complete sequence",,
CM098,KT382263,,,,,,Greece,Phaseolus vulgaris,2011-01-01,"Cucumber mosaic virus satellite RNA strain CMV_satRNA_A47, complete sequence",,
CM099,KT382264,,,,,,Greece,Lens culinaris,2011-01-01,"Cucumber mosaic virus satellite RNA strain CMV_satRNA_21, complete sequence",,
CM100,KT382265,,,,,,Greece,Vigna unguiculata,2011-01-01,"Cucumber mosaic virus satellite RNA strain CMV_satRNA_47, complete sequence",,
CM101,KT382266,,,,,,Greece,Phaseolus vulgaris,2011-01-01,"Cucumber mosaic virus satellite RNA strain CMV_satRNA_48, complete sequence",,
CM102,KT382267,,,,,,Greece,Phaseolus coccineus,2011-01-01,"Cucumber mosaic virus satellite RNA strain CMV_satRNA_55, complete sequence",,
CM103,KT382268,,,,,,Greece,Lens culinaris,2011-01-01,"Cucumber mosaic virus satellite RNA strain CMV_satRNA_24, complete sequence",,
CM104,KT382269,,,,,,Greece,Lens culinaris,2011-01-01,"Cucumber mosaic virus satellite RNA strain CMV_satRNA_25, complete sequence",,
CM105,KU144672,,,,,,Mexico,Dianthus caryophyllus,2013-06-10,"Cucumber mosaic virus satellite RNA CARNA-5 isolate 1463, complete sequence",,
CM106,KU144673,,,,,,Mexico,Dianthus caryophyllus,2013-06-10,"Cucumber mosaic virus satellite RNA isolate 1464, complete sequence",,
CM107,KU169300,,,,,,Mexico,Physalis ixocarpa,2014-06-10,"Cucumber mosaic virus satellite RNA isolate Physalis-Tex clon 1461 genomic sequence, sequence",,
CM108,KU169301,,,,,,Mexico,Physalis ixocarpa,2014-06-10,"Cucumber mosaic virus satellite RNA isolate Physalis-Tex clon 1462 genomic sequence, sequence",,
CM109,KY747451,,,,,,China,Brassica oleracea var. capitata,2016-07-15,"Cucumber mosaic virus satellite RNA isolate TA-ca, partial sequence",,
CM110,KY747452,,,,,,China,Solanum lycopersicum,2016-07-15,"Cucumber mosaic virus satellite RNA isolate TA-to, partial sequence",,
CM111,KY747453,,,,,,China,Raphanus sativus,2016-07-15,"Cucumber mosaic virus satellite RNA isolate TA-ra, partial sequence",,
CM112,KY747454,,,,,,China,Nicotiana tabacum,2016-06-15,"Cucumber mosaic virus satellite RNA isolate TA-tb, partial sequence",,
CM113,LC593249,,,,,,Japan,Arabidopsis halleri,2016-04-01,"Cucumber mosaic virus satellite RNA Ho RNA, complete genome",,
CM114,M10686,,,,,,-,-,-,"Cucumber mosaic virus satellite RNA, complete sequence",,
CM115,M14934,,,,,,-,-,-,"Cucumber mosaic virus (strain S)-associated satellite (S)CARNA 5 RNA, complete cds",,
CM116,M18867,HE793683.1,HE793684.1,HE793684.1,Y18137.1,,-,-,-,Cumber mosaic virus (CMV) satellite I17N(1) RNA,lab origin clone,
CM117,M18868,,,,,,-,-,-,Cumber mosaic virus (CMV) satellite I17N(2) RNA,lab origin clone,
CM118,M18869,HE793683.1,HE793684.1,HE793684.1,Y18137.1,,-,-,-,Cumber mosaic virus (CMV) satellite R(1) RNA,lab origin clone,
CM119,M18870,,,,,,-,-,-,Cumber mosaic virus (CMV) satellite R(2) RNA,lab origin clone,
CM120,M18871,,,,,,-,-,-,Cumber mosaic virus (CMV) satellite R(3) RNA,lab origin clone,
CM121,M18872,HE793683.1,HE793684.1,HE793684.1,Y18137.1,,-,-,-,Cucumber mosaic virus satellite RNA sequence,I17N lab origin clone,
CM122,M20844,,,,,,-,-,-,Cucumber mosaic virus E-satellite (E-satRNA) RNA,,
CM123,M20845,,,,,,-,-,-,Cucumber mosaic virus OY-satellite (OY2-satRNA) RNA,,
CM124,M30584,,,,,,-,-,-,Cucumber mosaic virus satellite RNA,,
CM125,M30585,,,,,,-,-,-,"Cucumber mosaic virus satellite RNA clone pDsat5, partial sequence",lab origin clone,
CM126,M30586,,,,,,-,-,-,"Cucumber mosaic virus satellite RNA clone pDsat6, partial sequence",lab origin clone,
CM127,M30587,,,,,,-,-,-,"Cucumber mosaic virus satellite RNA clone pDsat9, partial sequence",lab origin clone,
CM128,M30588,,,,,,-,-,-,"Cucumber mosaic virus (CMV) WL-satellite RNA, clone pWLsat47",lab origin clone,
CM129,M30589,,,,,,-,-,-,"Cucumber mosaic virus (CMV) WL-satellite RNA, clone pWLsat210",lab origin clone,
CM130,M30590,,,,,,-,-,-,"Cucumber mosaic virus (CMV) WL-satellite RNA, clone pWLsat324",lab origin clone,
CM131,M30591,,,,,,-,-,-,"Cucumber mosaic virus satellite RNA clone pBsat[1,3,5]",lab origin clone,
CM132,M30592,,,,,,-,-,-,Cucumber mosaic virus satellite RNA clone pBsat2,lab origin clone,
CM133,M30593,,,,,,-,-,-,Cucumber mosaic virus satellite RNA clone pBsat4,lab origin clone,
CM134,M64284,,,,,,-,-,-,Satellite Cucumber mosaic virus (strain Ix) RNA,,
CM135,MF142363,,,,,,China,Brassica oleracea var. capitata,2016-08-30,"Cucumber mosaic virus satellite RNA isolate TA-ca, complete sequence",,
CM136,MF142364,,,,,,China,Raphanus sativus,2016-08-30,"Cucumber mosaic virus satellite RNA isolate TA-ra, complete sequence",,
CM137,MF142365,,,,,,China,Nicotiana tabacum,2016-08-30,"Cucumber mosaic virus satellite RNA isolate TA-tb, complete sequence",,
CM138,MF964233,,,,,,Serbia,Solanum lycopersicum,2015-01-01,"Cucumber mosaic virus satellite RNA isolate 253-15-satRNA, complete sequence",,
CM139,MH032565,,,,,,Serbia,Solanum lycopersicum,2015-01-01,"Cucumber mosaic virus satellite RNA isolate 169-2p-15-satRNA, complete sequence",,
CM140,MH032566,,,,,,Serbia,Solanum lycopersicum,2015-01-01,"Cucumber mosaic virus satellite RNA isolate 170-2p-15-satRNA, complete sequence",,
CM141,MH032567,,,,,,Serbia,Solanum lycopersicum,2015-01-01,"Cucumber mosaic virus satellite RNA isolate 174p-15-satRNA, complete sequence",,
CM142,MH032568,,,,,,Serbia,Solanum lycopersicum,2015-01-01,"Cucumber mosaic virus satellite RNA isolate 180p-15-satRNA, complete sequence",,
CM143,MH633496,,,,,,Mexico,Nicotiana glauca,2017-11-05,"Cucumber mosaic virus satellite RNA isolate M-1-Satellite genomic sequence, sequence",,
CM144,MH633497,,,,,,Mexico,Nicotiana glauca,2017-11-05,"Cucumber mosaic virus satellite RNA isolate M-6-Satellite genomic sequence, sequence",,
CM145,MK552322,,,,,,Mexico,Catharanthus roseus,2017-01-10,"Cucumber mosaic virus satellite RNA isolate Vin genomic sequence, sequence",,
CM146,MT968975,,,,,,Cote d'Ivoire,Musa,2011-08-01,"Cucumber mosaic virus satellite RNA strain sAG16 genomic sequence, sequence",,
CM147,MT968976,,,,,,Cote d'Ivoire,Musa,2011-08-01,"Cucumber mosaic virus satellite RNA strain sBM13 genomic sequence, sequence",,
CM148,MT968977,,,,,,Cote d'Ivoire,Musa,2011-08-01,"Cucumber mosaic virus satellite RNA strain sST17 genomic sequence, sequence",,
CM149,MT968978,,,,,,Cote d'Ivoire,Musa,2011-08-01,"Cucumber mosaic virus satellite RNA strain sAZ6 genomic sequence, sequence",,
CM150,MT968979,,,,,,Cote d'Ivoire,Musa,2011-08-01,"Cucumber mosaic virus satellite RNA strain sAZ36 genomic sequence, sequence",,
CM151,MT968980,,,,,,Cote d'Ivoire,Musa,2011-08-01,"Cucumber mosaic virus satellite RNA strain sAG33 genomic sequence, sequence",,
CM152,MT968981,,,,,,Cote d'Ivoire,Musa,2011-08-01,"Cucumber mosaic virus satellite RNA strain sSP37 genomic sequence, sequence",,
CM153,MT968982,,,,,,Cote d'Ivoire,Musa,2011-08-01,"Cucumber mosaic virus satellite RNA strain sSP30 genomic sequence, sequence",,
CM154,MT968983,,,,,,Cote d'Ivoire,Musa,2011-08-01,"Cucumber mosaic virus satellite RNA strain sBM15 genomic sequence, sequence",,
CM155,MT968984,,,,,,Cote d'Ivoire,Musa,2011-08-01,"Cucumber mosaic virus satellite RNA strain sAZ15 genomic sequence, sequence",,
CM156,MT968985,,,,,,Cote d'Ivoire,Musa,2011-08-01,"Cucumber mosaic virus satellite RNA strain sAB15 genomic sequence, sequence",,
CM157,MT968986,,,,,,Cote d'Ivoire,Musa,2011-08-01,"Cucumber mosaic virus satellite RNA strain sSP16 genomic sequence, sequence",,
CM158,MT968987,,,,,,Cote d'Ivoire,Musa,2011-08-01,"Cucumber mosaic virus satellite RNA strain sSP39 genomic sequence, sequence",,
CM159,MT968988,,,,,,Cote d'Ivoire,Musa,2011-08-01,"Cucumber mosaic virus satellite RNA strain sSP24 genomic sequence, sequence",,
CM160,MW271947,,,,,,Greece,Cucumis melo,2015-04-01,Cucumber mosaic virus satellite RNA isolate GR010Cme sequence,,
CM161,MW271948,,,,,,Greece,Cucumis melo,2015-07-01,Cucumber mosaic virus satellite RNA isolate GR018Cme sequence,,
CM162,MW271949,,,,,,Greece,Solanum lycopersicum,2015-04-01,Cucumber mosaic virus satellite RNA isolate GR055Sly sequence,,
CM163,MW271950,,,,,,Greece,Solanum lycopersicum,2015-07-01,Cucumber mosaic virus satellite RNA isolate GR062Sly sequence,,
CM164,NC_002602,,,,,,-,-,-,"Cucumber mosaic virus satellite RNA, complete genome",lab origin clone,
CM165,OM867857,,,,,,Italy,Cucumis melo,-,"Cucumber mosaic virus satellite RNA isolate DSMZ PV-0536, partial sequence",,
CM166,ON013884,KX525730,,KX525734,KX525738,,Australia,Capsicum,1988-01-01,"Cucumber mosaic virus satellite RNA isolate DSMZ PV-0184, partial sequence",,
CM167,ON013899,,,,,,Nigeria,Capsicum,-,"Cucumber mosaic virus satellite RNA isolate DSMZ PV-0533, partial sequence",,
CM168,ON493793,,,,,,Slovakia,Solanum lycopersicum,2019-06-15,"Cucumber mosaic virus satellite RNA isolate sat-T101, complete sequence",,
CM169,ON493794,,,,,,Slovakia,Solanum lycopersicum,2019-06-15,"Cucumber mosaic virus satellite RNA isolate sat-SL50V, complete sequence",,
CM170,ON493795,,,,,,Slovakia,Cucumis melo,2019-06-15,"Cucumber mosaic virus satellite RNA isolate MVU2-21, complete sequence",,
CM171,ON493796,,,,,,Slovakia,Cucurbita pepo,2019-06-15,"Cucumber mosaic virus satellite RNA isolate CP2, complete sequence",,
CM172,OP722586,,,,,,Germany,Solanum laxum,-,"Cucumber mosaic virus satellite RNA isolate DSMZ PV-0939, complete sequence",,
CM173,OP722587,,,,,,Germany,Buddleja,-,"Cucumber mosaic virus satellite RNA isolate DSMZ PV-0992, complete sequence",,
CM174,U31660,,,,,,-,-,-,Cucumber mosaic virus satellite RNA J876-CARNA-5,,
CM175,U31661,,,,,,-,-,-,Cucumber mosaic virus satellite RNA D27-CARNA-5,,
CM176,U43889,,,,,,Israel,Musa acuminata,1995-01-01,Cucumber mosaic virus banana strain satellite RNA,,
CM177,X51465,,,,KM114895.1,D00463.1,-,-,-,"Cucumber mosaic virus satellite RNA, WL3-satellite",,
CM178,X53534,,,,,,-,-,-,Cucumber mosaic virus satellite RNA,K8 strain?,
CM179,X54065,D00356,D00355,D00355,D10538,D10538,USA,Nicotiana tabacum,-,"Cucumber mosaic virus satellite RNA, Fny1-satellite",Same origin from Fny?,
CM180,X54066,D00356,D00355,D00355,D10538,D10538,USA,-,-,"Cucumber mosaic virus satellite RNA, Fny2-satellite",Same origin from Fny?,
CM181,X57582,,,,,,-,-,-,Cucumber mosaic virus satellite RNA,,
CM182,X65455,Y16924.1,Y16925.1,Y16925.1,Y10886.1,Y16926.1,-,Solanum lycopersicum,-,Cucumber mosaic virus satellite RNA,Tfn,
CM183,X69136,,,,,,-,-,-,Cucumber mosaic virus satellite RNA,,
CM184,X86408,,,,,,-,Solanum lycopersicum,1990-01-01,Cucumber mosaic virus satellite RNA (strain T8A),,
CM185,X86409,,,,,,-,Solanum lycopersicum,1990-01-01,Cucumber mosaic virus satellite RNA (strain T1),,
CM186,X86410,,,,,,-,Solanum lycopersicum,1990-01-01,Cucumber mosaic virus satellite RNA (strain T2),,
CM187,X86411,,,,,,-,Solanum lycopersicum,1990-01-01,Cucumber mosaic virus satellite RNA (strain T7),,
CM188,X86412,,,,,,-,Solanum lycopersicum,1990-01-01,Cucumber mosaic virus satellite RNA (strain T22),,
CM189,X86413,,,,,,-,Solanum lycopersicum,1990-01-01,Cucumber mosaic virus satellite RNA (strain T16),,
CM190,X86414,,,,,,-,Solanum lycopersicum,1990-01-01,Cucumber mosaic virus satellite RNA (strain T6),,
CM191,X86415,,,,,,-,Solanum lycopersicum,1990-01-01,Cucumber mosaic virus satellite RNA (strain T4),,
CM192,X86416,,,,,,-,Solanum lycopersicum,1993-01-01,Cucumber mosaic virus satellite RNA (strain T12),,
CM193,X86417,,,,,,-,Nicotiana tabacum,1993-01-01,Cucumber mosaic virus satellite RNA (strain To79),,
CM194,X86418,,,,,,-,Solanum lycopersicum,1993-01-01,Cucumber mosaic virus satellite RNA (strain T57),,
CM195,X86419,,,,,,-,Solanum lycopersicum,1993-01-01,Cucumber mosaic virus satellite RNA (strain T27),,
CM196,X86420,,,,,,-,Solanum lycopersicum,1993-01-01,Cucumber mosaic virus satellite RNA (strain T8),,
CM197,X86421,,,,,,-,Nicotiana tabacum,1993-01-01,Cucumber mosaic virus satellite RNA (strain TO80),,
CM198,X86422,,,,,,-,Nicotiana tabacum,1993-01-01,Cucumber mosaic virus satellite RNA (strain TO77),,
CM199,X86423,,,,,,-,Solanum lycopersicum,1993-01-01,Cucumber mosaic virus satellite RNA (strain T59),,
CM200,X86424,,,,,,-,Nicotiana glauca,1993-01-01,Cucumber mosaic virus satellite RNA (strain NG71),,
CM201,X86425,,,,,,-,Apium graveolens Dulce Group,1990-01-01,Cucumber mosaic virus satellite RNA (strain CE),,
CM202,X86426,,,,,,-,Solanum lycopersicum,1988-01-01,Cucumber mosaic virus satellite RNA (strain PG),,
CM203,X86708,,,,,,-,Solanum lycopersicum,1993-01-01,Cucumber mosaic virus satellite RNA (strain T18),,
CM204,X89003,,,,,,-,Solanum lycopersicum,-,Cucumber mosaic virus satellite RNA (strain F2),,
CM205,X89004,,,,,,-,Solanum lycopersicum,-,Cucumber mosaic virus satellite RNA (strain FG),,
CM206,Z75870,,,,,,-,-,1989-01-16,Cucumber mosaic virus satellite RNA (isolate To/1989/16.1),,
CM207,Z75871,,,,,,-,-,1991-01-04,Cucumber mosaic virus satellite RNA (isolate To/1991/4.1),,
CM208,Z75872,,,,,,-,-,1989-01-19,Cucumber mosaic virus satellite RNA (isolate To/1989/19.1),,
CM209,Z75873,,,,,,-,-,1989-02-20,Cucumber mosaic virus satellite RNA (isolate To/1989/20.2),,
CM210,Z75874,,,,,,-,-,1989-01-24,Cucumber mosaic virus satellite RNA (isolate To/1989/24.1),,
CM211,Z75875,,,,,,-,-,1989-01-12,Cucumber mosaic virus satellite RNA (isolate To/1989/12.1),,
CM212,Z75876,,,,,,-,-,1989-01-20,Cucumber mosaic virus satellite RNA (isolate To/1989/20.1),,
CM213,Z75877,,,,,,-,-,1990-01-16,Cucumber mosaic virus satellite RNA (isolate To/1990/16.1),,
CM214,Z75878,,,,,,-,-,1990-01-15,Cucumber mosaic virus satellite RNA (isolate To/1990/15.1),,
CM215,Z75879,,,,,,-,-,1990-01-20,Cucumber mosaic virus satellite RNA (isolate To/1990/20.1),,
CM216,Z75880,,,,,,-,-,1990-01-20,Cucumber mosaic virus satellite RNA (isolate To/1990/21.1),,
CM217,Z75881,,,,,,-,-,1990-01-21,Cucumber mosaic virus satellite RNA (isolate To/1990/19.1),,
CM218,Z75882,,,,,,-,-,1991-02-02,Cucumber mosaic virus satellite RNA (isolate To/1991/2.2),,
CM219,Z75883,,,,,,-,-,1990-01-05,Cucumber mosaic virus satellite RNA (isolate To/1990/5.1),,
CM220,Z75884,,,,,,-,-,1991-01-03,Cucumber mosaic virus satellite RNA (isolate To/1991/3.1),,
CM221,Z75885,,,,,,-,-,1989-04-03,Cucumber mosaic virus satellite RNA (isolate To/1989/3.4),,
CM222,Z75886,,,,,,-,-,1991-01-08,Cucumber mosaic virus satellite RNA (isolate To/1991/8.1),,
CM223,Z96099,,,,,,-,-,-,Cucumber mosaic virus satellite RNA,,